Year,State,Govt_School,Pvt_School,Other_School,Out_of_School,Total_Enrol,Girls_Enrol,PTR,SCR,common_or_boys_toilet,Girls_Toilet,Drinking_Water,Child_Read_Nothing,Child_Read_Highest_Letter,Child_Read_Highest_Word,Child_Read_Highest_Std1text,Child_Read_Highest_Std2text,Child_Math_Nothing,Child_Math_Highest_Number1to9,Child_Math_Highest_Number11to99,Child_Math_Highest_Subtraction,Child_Math_Highest_Division
2007,Tamil Nadu,0.811,0.1601,0.002,0.0268,9776589,0.483,27,25,0.608,0.601,1,0.1031,0.1102,0.1707,0.1942,0.4217,0.0857,0.096,0.2476,0.2852,0.2854
2007,Punjab,0.625,0.3232,0.0077,0.0441,2702272,0.459,32,26,0.867,0.809,0.98,0.0363,0.1279,0.1492,0.1449,0.5418,0.0461,0.1429,0.1398,0.1995,0.4717
2007,Uttar Pradesh,0.631,0.2998,0.0147,0.0545,32162514,0.485,53,46,0.879,0.782,0.977,0.1235,0.1989,0.157,0.1338,0.3867,0.1341,0.2234,0.1954,0.176,0.2711
2007,Pondicherry,0.7675,0.2058,0.001,0.0258,179739,0.482,24,24,0.674,0.849,0.969,0.0495,0.1365,0.1833,0.209,0.4217,0.067,0.1135,0.2191,0.2787,0.3217
2007,Kerala,0.4338,0.5536,0.0051,0.0076,3401987,0.49,27,25,0.814,0.769,0.967,0.0177,0.0758,0.1254,0.1167,0.6643,0.0163,0.0776,0.1994,0.2663,0.4404
2007,Goa,0.6059,0.3874,0.0016,0.0051,164963,0.475,24,25,0.527,0.423,0.958,0.0093,0.0529,0.1014,0.1514,0.685,0.0147,0.0718,0.107,0.1813,0.6252
2007,Haryana,0.5825,0.3615,0.0048,0.0511,2492009,0.476,32,27,0.703,0.762,0.939,0.0704,0.1182,0.1191,0.1199,0.5723,0.0685,0.1157,0.1359,0.1631,0.5167
2007,Himachal Pradesh,0.7519,0.2319,0.001,0.0152,1081599,0.472,18,17,0.469,0.366,0.929,0.0217,0.0943,0.1059,0.1226,0.6555,0.019,0.0914,0.1463,0.2024,0.5409
2007,Daman & Diu,0.7508,0.2188,0.0016,0.0288,20858,0.478,33,42,0.814,0.419,0.907,0.0396,0.1043,0.1695,0.1632,0.5234,0.0284,0.128,0.2118,0.2122,0.4196
2007,Bihar,0.8316,0.0733,0.0214,0.0738,15120547,0.452,64,91,0.467,0.162,0.902,0.1081,0.167,0.1601,0.1328,0.4319,0.1226,0.1569,0.1497,0.1779,0.3928
2007,Dadra & Nagar Haveli,0.8644,0.0723,0.0009,0.0624,46699,0.465,45,45,0.308,0.257,0.888,0.0337,0.1386,0.1559,0.1453,0.5265,0.0316,0.1743,0.2174,0.2136,0.363
2007,Madhya Pradesh,0.8217,0.1356,0.0053,0.0374,15182309,0.478,38,44,0.466,0.264,0.882,0.0221,0.1195,0.1479,0.1723,0.5382,0.0237,0.1203,0.1806,0.2074,0.4679
2007,Gujarat,0.8724,0.0724,0.0036,0.0516,7540861,0.463,35,36,0.671,0.614,0.856,0.0533,0.1631,0.1683,0.1963,0.4189,0.0527,0.1673,0.2251,0.2437,0.3112
2007,Chhattisgarh,0.8304,0.0892,0.0022,0.0782,4195222,0.485,27,33,0.267,0.133,0.85,0.0636,0.1886,0.1559,0.1412,0.4507,0.0614,0.209,0.2016,0.2123,0.3156
2007,Maharashtra,0.6611,0.3044,0.005,0.0295,15356533,0.472,28,33,0.661,0.53,0.847,0.0269,0.088,0.1222,0.1824,0.5805,0.0252,0.1183,0.2219,0.2571,0.3776
2007,Uttarakhand,0.7123,0.2423,0.0089,0.0366,1413068,0.49,26,21,0.828,0.517,0.837,0.0652,0.1336,0.1449,0.1301,0.5262,0.0655,0.1417,0.182,0.184,0.4267
2007,Sikkim,0.6978,0.2692,0.0035,0.0295,121995,0.505,12,15,0.905,0.362,0.834,0.0368,0.1067,0.254,0.189,0.4135,0.0086,0.0725,0.2138,0.2813,0.4238
2007,Odisha,0.8404,0.0407,0.0102,0.1087,4927827,0.473,33,28,0.417,0.28,0.832,0.0914,0.1466,0.139,0.1837,0.4393,0.1007,0.16,0.1967,0.2318,0.3108
2007,Rajasthan,0.642,0.2642,0.0048,0.089,12462231,0.449,31,28,0.586,0.413,0.826,0.0857,0.1548,0.1469,0.1426,0.47,0.0863,0.1651,0.1811,0.184,0.3834
2007,Andhra Pradesh & Telengana,0.639,0.2932,0.0046,0.043,11306819,0.489,22,27,0.566,0.425,0.8,0.0618,0.1205,0.1418,0.1256,0.5504,0.0448,0.0927,0.2669,0.2415,0.3541
2007,Karnataka,0.8209,0.1273,0.0039,0.048,7889506,0.483,32,30,0.693,0.464,0.8,0.0564,0.1523,0.1851,0.1907,0.4156,0.0579,0.1275,0.3114,0.2626,0.2407
2007,Mizoram,NA,NA,NA,NA,226923,0.484,14,19,0.776,0.213,0.792,NA,NA,NA,NA,NA,NA,NA,NA,NA,NA
2007,West Bengal,0.8698,0.0467,0.022,0.0615,13342492,0.494,51,54,0.64,0.315,0.784,0.0465,0.1285,0.1678,0.209,0.4482,0.0433,0.1386,0.1719,0.2366,0.4097
2007,Tripura,0.8703,0.0673,0.0048,0.0575,697525,0.481,22,35,0.666,0.211,0.765,0.0422,0.1068,0.1607,0.1787,0.5117,0.042,0.0961,0.187,0.2492,0.4256
2007,Manipur,0.3571,0.5713,0.017,0.0546,462190,0.497,20,21,0.487,0.179,0.74,0.0252,0.1443,0.1952,0.1917,0.4435,0.0189,0.0808,0.2147,0.2413,0.4443
2007,Arunachal Pradesh,0.7946,0.1246,0.0116,0.0692,276457,0.475,22,23,0.214,0.122,0.723,0.0389,0.2061,0.2067,0.2017,0.3465,0.0369,0.1152,0.2326,0.2689,0.3464
2007,Jammu & Kashmir,0.6461,0.2894,0.0194,0.0451,1628930,0.457,16,18,0.344,0.2,0.714,0.0336,0.1457,0.2727,0.1959,0.352,0.0292,0.0937,0.2389,0.3022,0.3359
2007,Jharkhand,0.798,0.1067,0.0331,0.0623,6355016,0.48,48,65,0.245,0.155,0.695,0.0856,0.186,0.1718,0.1577,0.3989,0.0983,0.2042,0.1749,0.2032,0.3193
2007,Nagaland,0.5467,0.4072,0.0005,0.0457,471439,0.49,22,28,0.741,0.309,0.684,0.0208,0.1397,0.2314,0.1959,0.4121,0.0184,0.0998,0.2505,0.26,0.3714
2007,Assam,0.7528,0.1165,0.0427,0.088,5422711,0.493,25,41,0.256,0.1,0.618,0.0644,0.1533,0.1755,0.181,0.4258,0.0624,0.1644,0.2172,0.2768,0.2792
2007,Meghalaya,0.4745,0.3984,0.0279,0.0992,539515,0.507,18,21,0.269,0.88,0.433,0.0474,0.1841,0.2059,0.172,0.3905,0.0465,0.1506,0.2356,0.2318,0.3354
2008,Tamil Nadu,0.7745,0.2028,0.0036,0.019,9842753,0.483,31,29,0.656,0.623,1,0.1082,0.1124,0.1713,0.1977,0.4104,0.0851,0.1003,0.2676,0.2716,0.2754
2008,Pondicherry,0.7555,0.2371,0.001,0.0065,174506,0.494,18,21,0.7,0.862,0.983,0.05,0.0846,0.1744,0.1895,0.5014,0.0416,0.0877,0.26,0.2207,0.39
2008,Punjab,0.5357,0.4172,0.0034,0.0437,2558958,0.461,32,26,0.884,0.861,0.977,0.0455,0.1477,0.1316,0.1676,0.5076,0.0473,0.1572,0.1595,0.2424,0.3937
2008,Uttar Pradesh,0.5438,0.3577,0.02,0.0785,32076383,0.491,50,41,0.91,0.824,0.977,0.1515,0.2143,0.1209,0.1334,0.38,0.1528,0.2435,0.1989,0.1613,0.2435
2008,Kerala,0.4873,0.5028,0.0064,0.0034,3525710,0.493,22,25,0.841,0.79,0.976,0.0056,0.0574,0.1275,0.1541,0.6554,0.0076,0.0537,0.1976,0.2766,0.4644
2008,Haryana,0.552,0.4036,0.0038,0.0406,2947287,0.463,28,30,0.941,0.873,0.974,0.0659,0.12,0.1099,0.1344,0.5698,0.0631,0.1328,0.1471,0.1721,0.4849
2008,Goa,0.5018,0.4956,0.0012,0.0015,151654,0.475,19,22,0.55,0.454,0.965,0.0027,0.0574,0.1273,0.1973,0.6153,0.0077,0.0742,0.1412,0.2249,0.552
2008,Himachal Pradesh,0.7433,0.2449,0.0005,0.0113,1084040,0.473,17,16,0.48,0.386,0.931,0.0254,0.1043,0.0978,0.1488,0.6238,0.0206,0.0963,0.1585,0.2112,0.5134
2008,Madhya Pradesh,0.7971,0.1626,0.0076,0.0327,15410700,0.481,36,33,0.716,0.47,0.919,0.0091,0.1039,0.1202,0.1628,0.604,0.0115,0.1177,0.1424,0.1797,0.5487
2008,Dadra & Nagar Haveli,0.8633,0.1033,0.0043,0.0291,50027,0.467,36,41,0.322,0.253,0.911,0.0144,0.111,0.1521,0.1643,0.5583,0.0189,0.1168,0.1813,0.2136,0.4694
2008,Andhra Pradesh & Telengana,0.6707,0.2743,0.0011,0.0539,11038386,0.483,15,19,0.613,0.467,0.9,0.0373,0.122,0.1546,0.161,0.5251,0.0326,0.0966,0.2483,0.2586,0.3639
2008,Rajasthan,0.5807,0.3218,0.0047,0.0928,12196635,0.45,29,26,0.361,0.793,0.877,0.0989,0.1497,0.1204,0.1437,0.4871,0.098,0.1798,0.1725,0.1766,0.373
2008,Maharashtra,0.6594,0.3104,0.0043,0.0259,15658097,0.47,27,32,0.751,0.6,0.875,0.0246,0.094,0.1185,0.1795,0.5834,0.0274,0.1409,0.1916,0.2321,0.408
2008,Gujarat,0.8419,0.0925,0.0033,0.0623,7662493,0.464,33,35,0.706,0.653,0.872,0.0756,0.1475,0.1584,0.1853,0.4332,0.0784,0.1864,0.2277,0.2241,0.2834
2008,Uttarakhand,0.6991,0.2708,0.0117,0.0185,1533012,0.488,25,20,0.844,0.521,0.87,0.0587,0.1249,0.1137,0.1551,0.5475,0.0595,0.1574,0.1763,0.2133,0.3935
2008,Chhattisgarh,0.8091,0.1086,0.0027,0.0795,4408022,0.486,28,30,0.376,0.199,0.867,0.0175,0.1122,0.1366,0.1783,0.5553,0.0161,0.0909,0.1969,0.2346,0.4615
2008,Daman & Diu,0.7053,0.2704,0.0085,0.0158,20596,0.46,30,32,0.806,0.612,0.867,0.0183,0.1106,0.1393,0.2195,0.5123,0.0329,0.131,0.1941,0.2994,0.3425
2008,Odisha,0.8459,0.0504,0.0029,0.1009,6340862,0.484,29,30,0.509,0.28,0.856,0.0731,0.1373,0.125,0.138,0.5265,0.0785,0.156,0.1803,0.2282,0.3569
2008,Bihar,0.828,0.0803,0.0248,0.0668,17662805,0.46,54,96,0.485,0.216,0.806,0.1292,0.1622,0.1303,0.1424,0.4359,0.1207,0.1805,0.1553,0.1699,0.3735
2008,Sikkim,0.7202,0.2255,0.0062,0.048,121238,0.507,14,15,0.887,0.423,0.798,0.0135,0.1068,0.2059,0.2246,0.4493,0.0154,0.0781,0.2288,0.2841,0.3936
2008,Karnataka,0.7561,0.1882,0.003,0.0527,7922268,0.484,30,29,0.704,0.472,0.796,0.0504,0.1286,0.1684,0.1895,0.4631,0.0487,0.1343,0.3216,0.2695,0.2259
2008,Mizoram,0.6932,0.2252,0.024,0.0577,235118,0.487,14,19,0.773,0.235,0.792,0.0299,0.1292,0.159,0.1421,0.5398,0.0238,0.0901,0.1618,0.208,0.5163
2008,West Bengal,0.8359,0.0532,0.0285,0.0823,13270991,0.492,48,51,0.69,0.351,0.788,0.0541,0.1358,0.1599,0.2081,0.4422,0.0503,0.1708,0.2078,0.2351,0.336
2008,Tripura,0.9233,0.022,0.0021,0.0527,674073,0.486,22,29,0.691,0.226,0.769,0.0692,0.0918,0.1885,0.2586,0.3919,0.0624,0.1156,0.2388,0.2908,0.2925
2008,Jammu & Kashmir,0.5983,0.3534,0.0059,0.0424,1660875,0.46,16,17,0.378,0.22,0.759,0.0377,0.1561,0.2077,0.2345,0.364,0.0361,0.119,0.2586,0.3001,0.2862
2008,Manipur,0.3299,0.627,0.0045,0.0386,476681,0.495,19,21,0.513,0.18,0.759,0.0134,0.1318,0.1715,0.2068,0.4765,0.0089,0.0765,0.2521,0.257,0.4054
2008,Nagaland,0.5168,0.4186,0.0013,0.0634,387037,0.489,19,22,0.772,0.37,0.721,0.0124,0.1343,0.2182,0.1928,0.4423,0.0124,0.0839,0.2935,0.2595,0.3508
2008,Jharkhand,0.8072,0.1024,0.0184,0.072,6719672,0.485,45,60,0.347,0.207,0.707,0.1098,0.1703,0.1432,0.1669,0.4098,0.1106,0.1936,0.1913,0.2067,0.2978
2008,Arunachal Pradesh,0.7555,0.1703,0.0134,0.0608,309471,0.477,20,21,0.217,0.119,0.658,0.0267,0.1812,0.1859,0.1832,0.423,0.027,0.1225,0.2041,0.2454,0.4011
2008,Assam,0.7301,0.1407,0.0528,0.0763,5702435,0.496,24,39,0.263,0.105,0.622,0.0867,0.1584,0.176,0.1815,0.3975,0.0766,0.209,0.2351,0.2583,0.2211
2008,Meghalaya,0.4956,0.4608,0.0007,0.0429,576098,0.506,17,19,0.307,0.102,0.506,0.0438,0.1837,0.2392,0.19,0.3432,0.0359,0.1438,0.3113,0.2657,0.2433
2009,Daman & Diu,0.6711,0.3111,0,0.0178,25160,0.476,34,36,0.899,0.737,1,0.0373,0.1102,0.1242,0.21,0.5182,0.0313,0.1488,0.1894,0.2026,0.4278
2009,Tamil Nadu,0.7764,0.1965,0.0026,0.0245,9878621,0.483,30,28,0.667,0.641,1,0.0843,0.0987,0.1674,0.1972,0.4523,0.0669,0.0767,0.2835,0.2881,0.2848
2009,Pondicherry,0.7885,0.1999,0,0.0116,182495,0.483,18,21,0.993,0.886,0.997,0.024,0.0896,0.1652,0.1874,0.5338,0.0161,0.0646,0.1877,0.2287,0.5028
2009,Goa,0.3784,0.6101,0.0078,0.0038,173938,0.475,21,23,0.611,0.58,0.977,0.0058,0.0444,0.0738,0.1249,0.751,0.0041,0.0607,0.1094,0.1617,0.6643
2009,Kerala,0.4701,0.513,0.0152,0.0017,3384597,0.493,25,25,0.829,0.779,0.977,0.0106,0.0622,0.116,0.1698,0.6415,0.014,0.0495,0.1815,0.2687,0.4863
2009,Uttar Pradesh,0.5461,0.3627,0.0188,0.0723,32358301,0.493,50,39,0.927,0.842,0.976,0.1208,0.2064,0.1558,0.1551,0.362,0.1284,0.2277,0.2187,0.1808,0.2444
2009,Punjab,0.5926,0.3105,0.0275,0.0693,2827078,0.455,27,24,0.892,0.833,0.973,0.0336,0.142,0.1317,0.144,0.5487,0.0425,0.1372,0.1463,0.2342,0.4398
2009,Haryana,0.5488,0.4059,0.0041,0.0412,3242429,0.475,28,30,0.948,0.875,0.97,0.0475,0.1317,0.1326,0.1388,0.5494,0.047,0.1279,0.1557,0.1713,0.4981
2009,Himachal Pradesh,0.7701,0.2156,0.0021,0.0122,1065278,0.473,17,15,0.509,0.429,0.941,0.0211,0.1009,0.1181,0.1632,0.5968,0.0198,0.0783,0.1443,0.2087,0.5489
2009,Dadra & Nagar Haveli,0.919,0.0365,0.0098,0.0347,51416,0.469,36,39,0.422,0.328,0.938,0.0046,0.1121,0.1112,0.2614,0.5107,0.0093,0.1317,0.1429,0.2521,0.4641
2009,Madhya Pradesh,0.8004,0.1526,0.0096,0.0374,15570693,0.487,36,31,0.742,0.476,0.927,0.0135,0.1117,0.1202,0.1742,0.5805,0.0169,0.1202,0.145,0.2046,0.5132
2009,Rajasthan,0.6101,0.2971,0.0055,0.0873,12262731,0.45,27,25,0.486,0.83,0.92,0.0795,0.1654,0.1357,0.1529,0.4665,0.0806,0.1756,0.174,0.1851,0.3847
2009,Gujarat,0.8103,0.1206,0.0016,0.0675,7712277,0.465,32,34,0.731,0.677,0.902,0.0713,0.1742,0.142,0.1896,0.4229,0.0787,0.2138,0.2121,0.2148,0.2806
2009,Chhattisgarh,0.8487,0.0946,0.0023,0.0543,4493175,0.487,26,28,0.442,0.231,0.887,0.0276,0.1476,0.1361,0.1671,0.5216,0.0275,0.1555,0.1745,0.221,0.4215
2009,Maharashtra,0.6346,0.347,0.0026,0.0158,15918204,0.471,27,31,0.771,0.639,0.877,0.0206,0.0769,0.1065,0.1844,0.6116,0.02,0.1079,0.166,0.2506,0.4555
2009,Sikkim,0.6973,0.2615,0.0019,0.0393,122140,0.506,15,15,0.987,0.414,0.875,0.0227,0.1028,0.1776,0.2605,0.4363,0.0166,0.0879,0.22,0.2765,0.3989
2009,Uttarakhand,0.716,0.2442,0.0158,0.024,1598472,0.484,24,20,0.856,0.522,0.872,0.0475,0.1264,0.1213,0.1475,0.5573,0.0504,0.1442,0.1749,0.2136,0.4169
2009,Andhra Pradesh & Telengana,0.619,0.293,0.0018,0.0862,10910363,0.449,21,25,0.614,0.471,0.856,0.0591,0.1364,0.1488,0.1515,0.5043,0.0502,0.1096,0.2079,0.2233,0.409
2009,Bihar,0.878,0.0492,0.0214,0.0514,18709289,0.47,55,96,0.572,0.261,0.853,0.1101,0.1742,0.1524,0.145,0.4182,0.1067,0.1643,0.16,0.1826,0.3864
2009,Odisha,0.8617,0.0462,0.0025,0.0896,6548485,0.486,27,30,0.572,0.34,0.833,0.0368,0.1377,0.1401,0.1617,0.5237,0.0407,0.1465,0.1637,0.2078,0.4414
2009,Karnataka,0.7672,0.1763,0.007,0.0496,7808300,0.483,29,27,0.833,0.56,0.827,0.0412,0.1289,0.1543,0.2125,0.4631,0.0489,0.1311,0.2751,0.277,0.2679
2009,West Bengal,0.8277,0.0635,0.0238,0.085,12957528,0.495,47,47,0.743,0.412,0.827,0.0511,0.1406,0.1354,0.2046,0.4683,0.04,0.1545,0.1844,0.2296,0.3915
2009,Mizoram,0.798,0.1737,0.0026,0.0257,238245,0.486,14,19,0.817,0.342,0.806,0.0323,0.0981,0.2146,0.1937,0.4613,0.0292,0.0884,0.1903,0.2499,0.4423
2009,Jammu & Kashmir,0.6734,0.2982,0.0032,0.0251,1907824,0.468,15,17,0.353,0.204,0.787,0.035,0.1381,0.2115,0.2307,0.3847,0.0336,0.1338,0.2495,0.2523,0.3308
2009,Tripura,0.9218,0.0432,0.0038,0.0311,683367,0.488,23,28,0.705,0.266,0.778,0.0257,0.1997,0.1851,0.2626,0.3269,0.0179,0.1203,0.2344,0.3102,0.3172
2009,Manipur,0.2694,0.7058,0.0042,0.0206,451557,0.499,19,19,0.514,0.186,0.766,0.0164,0.1119,0.1714,0.1951,0.5051,0.0157,0.073,0.1964,0.242,0.4729
2009,Nagaland,0.6064,0.3569,0.0004,0.0363,409491,0.49,19,22,0.799,0.574,0.751,0.0155,0.1561,0.2172,0.2021,0.4092,0.0115,0.1252,0.2297,0.2311,0.4025
2009,Jharkhand,0.8098,0.1048,0.0139,0.0715,6602944,0.494,43,53,0.409,0.282,0.717,0.0827,0.1957,0.1749,0.1647,0.382,0.081,0.1951,0.2162,0.2158,0.2918
2009,Assam,0.7594,0.1439,0.0337,0.063,5866018,0.497,22,35,0.303,0.127,0.653,0.0816,0.1643,0.1724,0.177,0.4046,0.0749,0.1754,0.2203,0.2614,0.268
2009,Arunachal Pradesh,0.7894,0.145,0.0024,0.0632,325238,0.479,19,20,0.258,0.161,0.633,0.0169,0.1442,0.1923,0.1917,0.4549,0.013,0.0761,0.1926,0.2662,0.4522
2009,Meghalaya,0.629,0.3198,0.0037,0.0475,586114,0.51,15,18,0.328,0.111,0.506,0.1097,0.2907,0.1574,0.1584,0.2838,0.1091,0.2169,0.2362,0.2509,0.1869
2010,Daman & Diu,0.676,0.2889,0.011,0.024,26519,0.465,32,34,0.28,0.551,1,0.0717,0.1019,0.1772,0.2355,0.4137,0.072,0.1375,0.2037,0.3288,0.258
2010,Pondicherry,0.7033,0.2957,0.0003,0.0007,183994,0.483,17,21,0.205,0.194,1,0.0398,0.0619,0.099,0.1336,0.6657,0.051,0.0563,0.1333,0.1934,0.566
2010,Tamil Nadu,0.7256,0.2485,0.0025,0.0235,9924561,0.484,30,27,0.377,0.425,0.999,0.095,0.099,0.169,0.2087,0.4284,0.0826,0.0934,0.2376,0.2889,0.2975
2010,Haryana,0.5555,0.4182,0.0086,0.0178,3336753,0.472,30,32,0.454,0.575,0.995,0.043,0.121,0.1294,0.1314,0.5752,0.0401,0.1237,0.1493,0.1691,0.5179
2010,Goa,0.665,0.3226,0.0078,0.0046,178667,0.475,24,25,0.278,0.304,0.992,0.0128,0.0959,0.144,0.1607,0.5865,0.0135,0.1022,0.1781,0.1771,0.529
2010,Kerala,0.4536,0.5409,0.0037,0.0018,3355998,0.493,24,27,0.41,0.361,0.99,0.0075,0.0681,0.0904,0.1326,0.7014,0.0079,0.0441,0.1634,0.2506,0.534
2010,Punjab,0.5939,0.3792,0.0008,0.026,2908324,0.452,28,23,0.61,0.84,0.988,0.0492,0.1461,0.1373,0.1387,0.5287,0.0422,0.1216,0.1396,0.1915,0.5051
2010,Uttar Pradesh,0.5107,0.4006,0.0166,0.0721,31537647,0.496,45,36,0.387,0.652,0.982,0.1359,0.1959,0.1445,0.139,0.3846,0.135,0.2221,0.204,0.1798,0.259
2010,Himachal Pradesh,0.7385,0.2509,0.0026,0.008,1036117,0.474,16,15,0.282,0.438,0.976,0.0204,0.0997,0.1038,0.1287,0.6474,0.0181,0.0911,0.1444,0.2054,0.5408
2010,Gujarat,0.8112,0.122,0.0048,0.062,7814391,0.464,32,34,0.328,0.429,0.967,0.0515,0.1342,0.1569,0.2069,0.4505,0.0598,0.1658,0.2306,0.2706,0.2731
2010,Sikkim,0.7546,0.2084,0.0014,0.0356,124102,0.504,12,15,0.695,0.475,0.967,0.0122,0.0981,0.1959,0.2486,0.4451,0.0127,0.0835,0.232,0.2743,0.3975
2010,Rajasthan,0.5889,0.3276,0.0039,0.0796,12175129,0.454,27,24,0.402,0.792,0.964,0.0865,0.151,0.1423,0.1408,0.4795,0.0839,0.1655,0.1816,0.191,0.378
2010,Dadra & Nagar Haveli,0.9065,0.0733,0.0027,0.0174,52290,0.489,36,39,0.128,0.203,0.963,0.0159,0.0933,0.1351,0.1212,0.6346,0.022,0.1319,0.1638,0.1409,0.5415
2010,West Bengal,0.8434,0.0571,0.0226,0.077,15040794,0.5,39,42,0.735,0.39,0.96,0.0491,0.1437,0.1404,0.1806,0.4861,0.0477,0.1499,0.1897,0.232,0.3807
2010,Chhattisgarh,0.8543,0.1063,0.005,0.0344,4515735,0.489,26,28,0.264,0.258,0.942,0.0347,0.1505,0.1466,0.1642,0.5041,0.0354,0.1752,0.1904,0.222,0.377
2010,Madhya Pradesh,0.8021,0.1597,0.0055,0.0327,15484989,0.491,35,30,0.498,0.323,0.94,0.042,0.1374,0.1616,0.1711,0.488,0.0437,0.1559,0.195,0.2062,0.3993
2010,Maharashtra,0.6442,0.3318,0.0026,0.0214,15854058,0.47,30,31,0.281,0.512,0.937,0.0164,0.0895,0.1229,0.1822,0.589,0.0189,0.1311,0.1918,0.2624,0.3958
2010,Bihar,0.8885,0.0521,0.0151,0.0442,19007493,0.475,57,89,0.367,0.263,0.926,0.1158,0.1485,0.1344,0.1392,0.4621,0.1162,0.1476,0.1396,0.1706,0.426
2010,Manipur,0.3135,0.6538,0.0009,0.0317,470287,0.499,20,20,0.385,0.157,0.921,0.0189,0.1303,0.1753,0.1873,0.4881,0.0186,0.1005,0.2367,0.2679,0.3763
2010,Andhra Pradesh & Telengana,0.5865,0.3556,0.0031,0.0548,10851248,0.492,22,24,0.563,0.443,0.918,0.0467,0.1298,0.1491,0.1543,0.5202,0.0402,0.1002,0.2333,0.2388,0.3876
2010,Uttarakhand,0.6781,0.2826,0.0118,0.0275,1579729,0.484,23,19,0.537,0.471,0.896,0.0635,0.1339,0.1238,0.1261,0.5528,0.067,0.1481,0.1522,0.1552,0.4775
2010,Odisha,0.8626,0.0626,0.0028,0.0721,5989512,0.487,33,30,0.746,0.304,0.891,0.0694,0.1387,0.1495,0.1717,0.4707,0.0801,0.1503,0.1897,0.2264,0.3536
2010,Jammu & Kashmir,NA,NA,NA,NA,1973294,0.469,16,17,0.269,0.181,0.863,NA,NA,NA,NA,NA,NA,NA,NA,NA,NA
2010,Mizoram,0.8219,0.1279,0.0009,0.0493,246609,0.486,15,19,0.554,0.456,0.857,0.0165,0.0836,0.1633,0.2491,0.4875,0.0214,0.0839,0.1908,0.2761,0.4278
2010,Arunachal Pradesh,0.7907,0.1658,0.0025,0.041,334449,0.484,19,19,0.25,0.24,0.854,0.0382,0.2181,0.217,0.1979,0.3288,0.0327,0.1676,0.2449,0.2716,0.2832
2010,Jharkhand,0.833,0.0948,0.0215,0.0507,6523933,0.493,44,47,0.202,0.391,0.854,0.0971,0.1581,0.1595,0.155,0.4302,0.0926,0.1737,0.1749,0.1793,0.3794
2010,Tripura,0.9259,0.0407,0.0032,0.0302,663819,0.488,24,27,0.472,0.291,0.794,0.0254,0.1173,0.1615,0.2781,0.4177,0.0213,0.1216,0.2009,0.2909,0.3652
2010,Karnataka,0.7359,0.2121,0.0042,0.0478,7672144,0.483,27,25,0.691,0.478,0.698,0.0586,0.1449,0.1755,0.189,0.4319,0.059,0.1329,0.304,0.2615,0.2426
2010,Meghalaya,0.4223,0.4684,0.015,0.0943,606327,0.509,16,18,0.294,0.152,0.611,0.0704,0.1956,0.1756,0.1796,0.3788,0.0743,0.1617,0.269,0.2238,0.2712
2010,Nagaland,0.6043,0.3604,0.0004,0.0349,401411,0.488,19,21,0.779,0.727,0.603,0.0189,0.137,0.2372,0.2318,0.3751,0.0172,0.1095,0.2962,0.285,0.2921
2010,Assam,0.7495,0.1492,0.0341,0.0672,5162100,0.502,23,30,0.589,0.35,0.3,0.0866,0.1496,0.1779,0.178,0.4078,0.0808,0.1851,0.237,0.2395,0.2577
2011,Rajasthan,0.5893,0.3435,0.0021,0.0651,12003827,0.454,26,23,0,0.92,0.947,0.0977,0.156,0.1337,0.1415,0.4711,0.0944,0.1869,0.184,0.1916,0.3431
2011,Daman & Diu,0.7835,0.208,0.0047,0.0038,26143,0.47,30,35,0.445,0.945,1,0.0237,0.1178,0.1753,0.2356,0.4476,0.0351,0.1653,0.2201,0.2689,0.3107
2011,Pondicherry,0.5696,0.4207,0.0051,0.0046,182627,0.484,16,23,0.451,0.941,1,0.0631,0.1034,0.1497,0.2299,0.4539,0.0355,0.0662,0.2539,0.294,0.3504
2011,Tamil Nadu,0.7105,0.266,0.006,0.0175,9797264,0.485,29,27,0.471,0.928,1,0.0901,0.107,0.1636,0.2005,0.4388,0.0768,0.0937,0.2503,0.2913,0.288
2011,Punjab,0.5735,0.395,0.0041,0.0274,3964427,0.441,19,21,0.527,0.982,0.998,0.0519,0.1479,0.1385,0.1303,0.5314,0.0377,0.128,0.1857,0.222,0.4267
2011,Haryana,0.5503,0.4227,0.0035,0.0235,3475846,0.453,26,27,0.411,0.906,0.99,0.0599,0.1156,0.1196,0.1194,0.5856,0.0511,0.1256,0.1633,0.1977,0.4622
2011,Goa,0.5924,0.3911,0.0149,0.0017,181923,0.479,24,25,0.42,0.893,0.989,0.0101,0.072,0.1859,0.2379,0.4941,0.0101,0.0975,0.2202,0.279,0.3933
2011,Sikkim,NA,NA,NA,NA,126542,0.501,12,14,0.774,0.932,0.982,NA,NA,NA,NA,NA,NA,NA,NA,NA,NA
2011,Uttar Pradesh,0.4344,0.448,0.0235,0.0941,32015630,0.497,44,35,0.451,0.884,0.982,0.1567,0.212,0.1199,0.1116,0.3998,0.1414,0.2494,0.2058,0.1777,0.2257
2011,Gujarat,0.8249,0.1225,0.0043,0.0483,8147024,0.461,31,34,0.328,0.933,0.979,0.051,0.1219,0.1483,0.1852,0.4936,0.0568,0.1689,0.2303,0.2547,0.2893
2011,Himachal Pradesh,0.7347,0.2572,0.0004,0.0077,1035627,0.472,16,14,0.348,0.83,0.975,0.0204,0.0933,0.1102,0.1329,0.6431,0.0131,0.0876,0.1705,0.2126,0.5161
2011,Dadra & Nagar Haveli,0.9307,0.0554,0,0.0139,59064,0.466,40,45,0.189,0.694,0.963,0.0308,0.162,0.1748,0.2545,0.3779,0.0342,0.1947,0.2132,0.3079,0.25
2011,Kerala,0.3913,0.5985,0.0073,0.0028,3435619,0.489,21,24,0.819,0.921,0.959,0.009,0.0732,0.1197,0.1212,0.6769,0.0134,0.0584,0.222,0.2627,0.4436
2011,West Bengal,0.856,0.0597,0.0171,0.0671,14931765,0.501,30,40,0.664,0.886,0.954,0.0546,0.1472,0.1497,0.1705,0.4779,0.041,0.1615,0.2214,0.2331,0.343
2011,Karnataka,0.7403,0.2048,0.0065,0.0484,7670492,0.483,26,24,0.532,0.934,0.947,0.0473,0.1487,0.1665,0.1851,0.4524,0.0445,0.1339,0.2818,0.2836,0.2562
2011,Chhattisgarh,0.8421,0.1114,0.0026,0.0439,4637444,0.49,24,27,0.251,0.556,0.936,0.0682,0.1792,0.1562,0.1592,0.4373,0.0672,0.2192,0.2174,0.2419,0.2544
2011,Uttarakhand,0.6715,0.2989,0.0111,0.0185,1638492,0.48,23,19,0.564,0.89,0.93,0.0694,0.1439,0.1304,0.1283,0.5281,0.0705,0.1581,0.2094,0.2103,0.3517
2011,Maharashtra,0.6135,0.3642,0.0047,0.0175,16078700,0.47,30,31,0.308,0.907,0.922,0.0275,0.0995,0.1283,0.1817,0.563,0.0275,0.1507,0.212,0.2632,0.3466
2011,Bihar,0.8887,0.0543,0.015,0.042,19974173,0.484,58,83,0.45,0.64,0.919,0.1506,0.1696,0.1403,0.1294,0.4101,0.1376,0.1909,0.161,0.1817,0.3288
2011,Madhya Pradesh,0.7792,0.1737,0.0087,0.0383,15492749,0.493,35,29,0.494,0.721,0.912,0.1143,0.2063,0.1474,0.1411,0.3909,0.1202,0.2469,0.2136,0.1927,0.2266
2011,Andhra Pradesh & Telengana,0.6014,0.3443,0.0024,0.0519,11272063,0.489,20,23,0.661,0.802,0.905,0.0456,0.136,0.1576,0.1578,0.503,0.0397,0.1013,0.2458,0.2566,0.3566
2011,Manipur,0.2733,0.7062,0.0011,0.0194,503682,0.497,19,22,0.444,0.6,0.892,0.0132,0.123,0.1707,0.1588,0.5344,0.015,0.0774,0.253,0.2565,0.398
2011,Odisha,0.872,0.0588,0.001,0.0682,6540780,0.486,26,27,0.68,0.79,0.886,0.091,0.1334,0.1496,0.1814,0.4447,0.0965,0.1677,0.2008,0.2319,0.3031
2011,Jharkhand,0.7902,0.1305,0.0152,0.0641,6840744,0.492,41,37,0.19,0.72,0.874,0.1343,0.1883,0.151,0.1399,0.3865,0.1248,0.2223,0.1872,0.1999,0.2658
2011,Jammu & Kashmir,0.6041,0.3474,0.0044,0.044,1998138,0.471,13,16,0.344,0.477,0.869,0.0352,0.1679,0.1681,0.2232,0.4056,0.0295,0.1281,0.2753,0.3198,0.2473
2011,Mizoram,0.8446,0.1353,0.0008,0.0192,235327,0.476,14,18,0.664,0.896,0.861,0.0154,0.104,0.1584,0.1699,0.5524,0.011,0.1022,0.1884,0.208,0.4904
2011,Tripura,0.9232,0.0483,0.0086,0.0199,610098,0.49,19,25,0.628,0.791,0.824,0.0387,0.1031,0.1444,0.1777,0.5361,0.0323,0.1018,0.1769,0.293,0.396
2011,Arunachal Pradesh,0.7722,0.1687,0.0033,0.0558,332065,0.487,18,19,0.336,0.485,0.782,0.0517,0.146,0.2089,0.1784,0.4149,0.0483,0.125,0.2381,0.2525,0.3361
2011,Assam,0.7545,0.1487,0.0346,0.0622,5822163,0.501,21,29,0.366,0.598,0.761,0.0976,0.172,0.1913,0.1804,0.3587,0.0889,0.2249,0.258,0.2431,0.1851
2011,Nagaland,0.558,0.4104,0.0003,0.0312,411383,0.492,20,20,0.581,0.899,0.751,0.0327,0.1907,0.226,0.1909,0.3598,0.0253,0.1403,0.2755,0.2831,0.2757
2011,Meghalaya,0.3782,0.5292,0.0119,0.0806,660129,0.51,16,18,0.353,0.532,0.586,0.1359,0.1772,0.2299,0.156,0.3009,0.1261,0.2494,0.2983,0.1832,0.1431
2012,Daman & Diu,0.842,0.144,0.004,0.01,26459,0.464,32,36,0.955,0.912,1,0.09,0.12,0.158,0.223,0.41,0.079,0.15,0.268,0.222,0.282
2012,Gujarat,0.81,0.134,0.003,0.054,8376967,0.462,31,33,0.997,0.89,1,0.073,0.139,0.14,0.17,0.478,0.081,0.206,0.271,0.238,0.204
2012,Pondicherry,0.61,0.367,0.006,0.017,180992,0.486,16,25,0.978,0.904,1,0.098,0.12,0.203,0.266,0.312,0.062,0.071,0.448,0.248,0.172
2012,Tamil Nadu,0.701,0.282,0.003,0.014,9776252,0.485,29,26,0.753,0.746,1,0.105,0.101,0.185,0.204,0.404,0.079,0.094,0.306,0.282,0.239
2012,Punjab,0.528,0.446,0.002,0.024,3989063,0.444,19,21,0.878,0.97,0.999,0.065,0.163,0.101,0.106,0.566,0.046,0.134,0.224,0.211,0.385
2012,Haryana,0.482,0.49,0.005,0.023,3724481,0.453,26,27,0.936,0.959,0.995,0.076,0.142,0.107,0.122,0.553,0.053,0.148,0.203,0.2,0.396
2012,Goa,0.481,0.5,0.017,0.002,186005,0.477,22,24,0.805,0.748,0.994,0.012,0.107,0.161,0.229,0.491,0.008,0.12,0.214,0.281,0.378
2012,Karnataka,0.738,0.227,0.003,0.033,8424857,0.482,22,22,0.97,0.713,0.994,0.057,0.147,0.162,0.157,0.477,0.056,0.119,0.286,0.286,0.254
2012,Himachal Pradesh,0.698,0.289,0,0.013,1005942,0.472,15,14,0.96,0.519,0.988,0.035,0.118,0.09,0.131,0.625,0.02,0.1,0.214,0.22,0.446
2012,Dadra & Nagar Haveli,0.81,0.117,0.002,0.07,59994,0.468,40,40,0.64,0.406,0.987,0.083,0.147,0.133,0.199,0.438,0.07,0.237,0.426,0.191,0.077
2012,Uttar Pradesh,0.413,0.475,0.023,0.089,35404745,0.492,44,34,0.813,0.624,0.985,0.185,0.231,0.098,0.102,0.384,0.151,0.274,0.232,0.148,0.195
2012,Madhya Pradesh,0.757,0.182,0.01,0.051,15317828,0.493,34,27,0.763,0.45,0.98,0.114,0.224,0.14,0.13,0.392,0.117,0.247,0.266,0.174,0.196
2012,West Bengal,0.863,0.065,0.018,0.054,14827957,0.503,28,41,0.547,0.356,0.972,0.086,0.153,0.131,0.142,0.488,0.054,0.186,0.285,0.197,0.278
2012,Sikkim,0.684,0.265,0.013,0.038,125618,0.497,11,14,0.82,0.288,0.965,0.008,0.078,0.173,0.204,0.538,0.011,0.06,0.219,0.289,0.422
2012,Kerala,0.406,0.588,0.002,0.003,3819863,0.489,21,24,0.807,0.819,0.959,0.016,0.083,0.134,0.152,0.615,0.017,0.073,0.204,0.218,0.487
2012,Uttarakhand,0.615,0.349,0.006,0.029,1658918,0.478,22,19,0.776,0.81,0.956,0.092,0.158,0.098,0.113,0.538,0.081,0.17,0.211,0.184,0.354
2012,Rajasthan,0.526,0.395,0.005,0.074,12397172,0.463,26,23,0.956,0.797,0.951,0.128,0.188,0.102,0.117,0.465,0.104,0.222,0.218,0.179,0.277
2012,Manipur,0.303,0.669,0.005,0.024,508064,0.497,18,21,0.871,0.31,0.948,0.03,0.197,0.182,0.147,0.444,0.025,0.094,0.313,0.235,0.332
2012,Odisha,0.854,0.067,0.002,0.078,6520130,0.486,25,27,0.411,0.624,0.944,0.123,0.136,0.116,0.134,0.491,0.125,0.18,0.237,0.205,0.253
2012,Maharashtra,0.567,0.406,0.002,0.024,16185891,0.469,30,31,0.773,0.591,0.943,0.082,0.115,0.118,0.142,0.543,0.075,0.192,0.298,0.198,0.237
2012,Chhattisgarh,0.817,0.131,0.001,0.051,4742902,0.49,24,27,0.538,0.534,0.934,0.082,0.201,0.112,0.13,0.475,0.071,0.252,0.297,0.206,0.174
2012,Bihar,0.869,0.063,0.017,0.051,20850545,0.492,59,79,0.522,0.527,0.93,0.174,0.191,0.124,0.119,0.391,0.143,0.202,0.181,0.171,0.303
2012,Mizoram,0.715,0.243,0.01,0.031,258653,0.483,14,18,0.761,0.616,0.901,0.024,0.162,0.215,0.176,0.423,0.02,0.135,0.232,0.262,0.35
2012,Jharkhand,0.768,0.157,0.016,0.058,6660259,0.492,40,33,0.682,0.265,0.9,0.131,0.215,0.144,0.129,0.381,0.116,0.221,0.219,0.17,0.274
2012,Andhra Pradesh & Telengana,0.578,0.372,0.005,0.045,11251101,0.49,20,23,0.614,0.572,0.89,0.069,0.141,0.153,0.132,0.506,0.038,0.099,0.238,0.252,0.373
2012,Jammu & Kashmir,0.528,0.41,0.026,0.036,1908230,0.471,14,15,0.328,0.311,0.827,0.045,0.181,0.165,0.209,0.401,0.038,0.13,0.335,0.284,0.213
2012,Arunachal Pradesh,0.754,0.203,0.003,0.04,341311,0.488,18,18,0.385,0.335,0.78,0.045,0.133,0.197,0.17,0.455,0.041,0.075,0.215,0.257,0.411
2012,Assam,0.732,0.162,0.043,0.062,5760967,0.502,25,31,0.505,0.251,0.773,0.115,0.194,0.172,0.154,0.365,0.095,0.236,0.264,0.246,0.159
2012,Tripura,0.952,0.032,0.001,0.015,603580,0.49,19,26,0.512,0.137,0.753,0.055,0.192,0.156,0.202,0.394,0.031,0.174,0.277,0.27,0.247
2012,Nagaland,0.584,0.383,0.001,0.032,414405,0.493,19,20,0.6,0.633,0.646,0.033,0.169,0.216,0.199,0.383,0.035,0.105,0.294,0.288,0.278
2012,Meghalaya,0.441,0.468,0.018,0.073,705616,0.51,17,19,0.369,0.177,0.599,0.072,0.178,0.195,0.171,0.383,0.075,0.171,0.358,0.248,0.148
2013,Pondicherry,0.462,0.52,0.007,0.01,178307,0.488,15,27,0.924,0.999,0.999,0.085,0.152,0.162,0.215,0.386,0.042,0.109,0.361,0.239,0.249
2013,Punjab,0.51,0.463,0.002,0.025,4043626,0.446,18,22,0.792,0.955,0.997,0.081,0.149,0.102,0.125,0.543,0.052,0.122,0.216,0.225,0.386
2013,Gujarat,0.78,0.164,0.001,0.055,9220204,0.461,30,33,0.753,0.975,0.996,0.105,0.137,0.122,0.156,0.48,0.096,0.217,0.287,0.216,0.184
2013,Karnataka,0.73,0.233,0.004,0.034,8396731,0.481,27,22,0.961,0.996,0.996,0.053,0.154,0.176,0.187,0.43,0.043,0.139,0.301,0.278,0.239
2013,Dadra & Nagar Haveli,NA,NA,NA,NA,58067,0.467,31,35,0.64,0.718,0.994,NA,NA,NA,NA,NA,NA,NA,NA,NA,NA
2013,Tamil Nadu,0.72,0.263,0.001,0.017,9678476,0.488,20,28,0.626,0.956,0.992,0.095,0.112,0.176,0.209,0.408,0.068,0.097,0.331,0.268,0.236
2013,Himachal Pradesh,0.654,0.333,0,0.013,984898,0.473,11,15,0.727,0.976,0.991,0.038,0.117,0.085,0.128,0.631,0.026,0.099,0.224,0.227,0.424
2013,Maharashtra,0.538,0.433,0.002,0.027,16226543,0.468,26,33,0.896,0.981,0.984,0.102,0.118,0.103,0.16,0.517,0.08,0.202,0.36,0.18,0.178
2013,Haryana,0.464,0.512,0.001,0.022,3924337,0.453,22,27,0.866,0.976,0.983,0.08,0.134,0.098,0.13,0.558,0.056,0.145,0.2,0.189,0.41
2013,Uttar Pradesh,0.42,0.484,0.022,0.075,37098290,0.493,39,32,0.957,0.981,0.98,0.174,0.204,0.101,0.114,0.407,0.138,0.239,0.223,0.159,0.24
2013,Goa,NA,NA,NA,NA,197221,0.476,18,29,0.696,0.948,0.979,NA,NA,NA,NA,NA,NA,NA,NA,NA,NA
2013,Jammu & Kashmir,0.532,0.422,0.012,0.034,1859101,0.472,13,15,0.254,0.642,0.978,0.046,0.174,0.155,0.208,0.418,0.043,0.117,0.308,0.288,0.245
2013,Kerala,0.313,0.683,0.001,0.003,4091835,0.487,18,24,0.687,0.96,0.978,0.018,0.1,0.139,0.09,0.652,0.013,0.069,0.315,0.215,0.389
2013,West Bengal,0.861,0.066,0.017,0.056,14480781,0.5,27,37,0.399,0.749,0.974,0.093,0.142,0.132,0.146,0.487,0.07,0.185,0.295,0.187,0.263
2013,Sikkim,0.763,0.216,0.002,0.019,125330,0.495,10,14,0.552,0.971,0.97,0.017,0.076,0.146,0.243,0.519,0.019,0.062,0.195,0.31,0.414
2013,Madhya Pradesh,0.74,0.199,0.002,0.059,15065533,0.488,32,26,0.723,0.928,0.962,0.142,0.221,0.14,0.134,0.363,0.127,0.249,0.277,0.16,0.187
2013,Uttarakhand,0.583,0.372,0.012,0.034,1668463,0.479,18,19,0.616,0.936,0.956,0.111,0.156,0.089,0.128,0.516,0.091,0.179,0.246,0.186,0.298
2013,Odisha,0.856,0.082,0.001,0.061,6422415,0.485,24,27,0.211,0.685,0.948,0.115,0.14,0.128,0.148,0.469,0.106,0.178,0.263,0.21,0.242
2013,Rajasthan,0.531,0.382,0.004,0.083,12542412,0.463,22,23,0.776,0.978,0.948,0.144,0.164,0.096,0.117,0.48,0.116,0.203,0.22,0.168,0.293
2013,Chhattisgarh,0.802,0.155,0,0.043,4752539,0.491,23,26,0.499,0.878,0.945,0.11,0.18,0.089,0.119,0.502,0.081,0.238,0.306,0.182,0.193
2013,Assam,0.754,0.168,0.02,0.058,5704044,0.502,21,28,0.715,0.768,0.935,0.142,0.177,0.171,0.181,0.329,0.112,0.239,0.289,0.229,0.13
2013,Daman & Diu,NA,NA,NA,NA,26758,0.459,27,36,0.982,0.982,0.933,NA,NA,NA,NA,NA,NA,NA,NA,NA,NA
2013,Bihar,0.861,0.078,0.014,0.047,19292951,0.5,53,65,0.618,0.762,0.931,0.187,0.185,0.103,0.125,0.4,0.148,0.197,0.186,0.147,0.322
2013,Meghalaya,0.474,0.464,0.009,0.053,712715,0.509,17,19,0.465,0.45,0.927,0.073,0.163,0.166,0.205,0.393,0.066,0.149,0.394,0.268,0.123
2013,Jharkhand,0.779,0.158,0.009,0.055,6618450,0.494,39,30,0.608,0.837,0.908,0.154,0.182,0.146,0.151,0.367,0.127,0.212,0.23,0.171,0.261
2013,Mizoram,0.669,0.318,0,0.013,254713,0.482,13,18,0.25,0.973,0.899,0.036,0.144,0.165,0.191,0.464,0.032,0.1,0.248,0.272,0.348
2013,Andhra Pradesh & Telengana,0.602,0.348,0.004,0.046,11097614,0.489,21,22,0.202,0.735,0.891,0.084,0.121,0.155,0.163,0.477,0.065,0.092,0.28,0.247,0.316
2013,Tripura,0.903,0.071,0.007,0.019,606030,0.489,14,26,0.338,0.865,0.857,0.065,0.154,0.206,0.193,0.382,0.041,0.169,0.344,0.245,0.201
2013,Manipur,0.277,0.697,0.003,0.022,540035,0.498,15,22,0.706,0.947,0.807,0.034,0.161,0.153,0.179,0.473,0.032,0.075,0.325,0.238,0.33
2013,Nagaland,0.579,0.4,0.001,0.02,417791,0.493,17,21,0.91,0.93,0.806,0.058,0.124,0.199,0.241,0.378,0.056,0.086,0.345,0.307,0.206
2013,Arunachal Pradesh,NA,NA,NA,NA,333415,0.492,16,17,0.251,0.625,0.762,NA,NA,NA,NA,NA,NA,NA,NA,NA,NA
2014,Dadra & Nagar Haveli,0.782,0.134,0.001,0.083,58793,0.465,30,36,0.962,0.843,1,0.118,0.169,0.128,0.158,0.428,0.104,0.23,0.358,0.181,0.126
2014,Daman & Diu,0.778,0.215,0,0.008,28161,0.459,24,36,1,1,1,0.059,0.146,0.166,0.218,0.41,0.018,0.201,0.344,0.188,0.249
2014,Gujarat,0.795,0.147,0.001,0.057,9229471,0.461,30,30,0.998,0.978,1,0.111,0.131,0.126,0.153,0.479,0.109,0.205,0.312,0.192,0.182
2014,Pondicherry,0.491,0.506,0.001,0.003,174122,0.486,15,27,1,1,1,0.095,0.144,0.195,0.175,0.39,0.037,0.08,0.384,0.252,0.246
2014,Tamil Nadu,0.676,0.305,0.001,0.018,9396441,0.487,18,27,0.996,0.905,1,0.091,0.1,0.161,0.167,0.48,0.054,0.089,0.335,0.253,0.269
2014,Haryana,0.437,0.533,0.003,0.027,3956723,0.455,22,27,0.989,0.968,0.999,0.073,0.106,0.086,0.116,0.619,0.057,0.115,0.18,0.195,0.453
2014,Punjab,0.491,0.484,0.001,0.024,4011520,0.447,17,22,0.995,0.958,0.998,0.075,0.121,0.101,0.108,0.595,0.041,0.113,0.241,0.216,0.388
2014,Karnataka,0.702,0.262,0.004,0.032,8323556,0.483,26,24,1,0.99,0.997,0.128,0.135,0.139,0.171,0.427,0.092,0.11,0.357,0.239,0.201
2014,Kerala,0.371,0.624,0.002,0.002,4101946,0.487,15,24,0.996,0.952,0.994,0.045,0.086,0.141,0.138,0.59,0.036,0.061,0.317,0.224,0.362
2014,Maharashtra,0.556,0.417,0.001,0.026,16158791,0.468,25,33,0.993,0.976,0.993,0.108,0.119,0.108,0.144,0.52,0.084,0.195,0.358,0.179,0.184
2014,Himachal Pradesh,0.659,0.334,0,0.007,969095,0.474,11,14,0.976,0.947,0.991,0.038,0.102,0.078,0.111,0.671,0.025,0.088,0.242,0.226,0.42
2014,Goa,0.322,0.674,0,0.004,198084,0.477,18,28,0.995,0.875,0.985,0.022,0.122,0.13,0.156,0.569,0.024,0.068,0.34,0.276,0.292
2014,Uttar Pradesh,0.397,0.509,0.023,0.071,36726500,0.49,38,32,0.99,0.971,0.982,0.179,0.2,0.104,0.103,0.414,0.146,0.229,0.232,0.154,0.239
2014,West Bengal,0.842,0.084,0.025,0.049,13280622,0.502,25,32,0.94,0.717,0.977,0.074,0.14,0.137,0.139,0.51,0.068,0.171,0.305,0.185,0.271
2014,Sikkim,0.684,0.3,0,0.016,120101,0.49,9,13,1,0.968,0.972,0.037,0.102,0.208,0.189,0.464,0.023,0.059,0.303,0.288,0.326
2014,Odisha,0.847,0.093,0,0.06,6388057,0.485,22,27,0.953,0.689,0.968,0.08,0.143,0.124,0.123,0.531,0.081,0.18,0.28,0.215,0.244
2014,Rajasthan,0.51,0.405,0.003,0.082,12290252,0.46,20,21,0.981,0.961,0.963,0.137,0.154,0.089,0.116,0.504,0.113,0.191,0.238,0.169,0.289
2014,Madhya Pradesh,0.731,0.209,0.002,0.059,14594089,0.483,29,25,0.973,0.887,0.961,0.159,0.212,0.113,0.122,0.393,0.14,0.24,0.29,0.148,0.182
2014,Uttarakhand,0.613,0.354,0.007,0.026,1704890,0.476,17,19,0.993,0.923,0.958,0.091,0.132,0.091,0.119,0.567,0.075,0.162,0.284,0.185,0.293
2014,Chhattisgarh,0.787,0.174,0.001,0.038,4589564,0.491,22,24,0.973,0.801,0.956,0.11,0.173,0.09,0.121,0.506,0.084,0.24,0.305,0.186,0.185
2014,Mizoram,0.592,0.395,0,0.013,217963,0.483,12,15,0.997,0.739,0.943,0.052,0.229,0.166,0.165,0.387,0.042,0.107,0.236,0.259,0.357
2014,Bihar,0.818,0.111,0.015,0.055,21238957,0.498,51,58,0.801,0.702,0.923,0.21,0.165,0.09,0.094,0.44,0.143,0.204,0.189,0.142,0.321
2014,Jharkhand,0.754,0.175,0.01,0.061,6625023,0.493,39,29,0.896,0.848,0.912,0.153,0.177,0.16,0.157,0.353,0.137,0.198,0.253,0.176,0.236
2014,Andhra Pradesh & Telengana,0.587,0.368,0.003,0.041,11089215,0.487,21,22,0.871,0.571,0.901,0.105,0.131,0.153,0.145,0.466,0.08,0.081,0.303,0.25,0.286
2014,Jammu & Kashmir,0.509,0.444,0.008,0.039,1841178,0.476,12,14,0.825,0.654,0.898,0.057,0.149,0.188,0.201,0.405,0.049,0.104,0.312,0.299,0.237
2014,Manipur,0.239,0.732,0.005,0.023,549897,0.498,15,21,0.987,0.95,0.89,0.031,0.204,0.179,0.144,0.443,0.024,0.068,0.339,0.224,0.346
2014,Tripura,0.88,0.098,0.008,0.014,590230,0.49,14,26,0.942,0.868,0.845,0.059,0.14,0.188,0.178,0.436,0.038,0.162,0.304,0.271,0.226
2014,Arunachal Pradesh,0.739,0.232,0.001,0.028,325047,0.493,16,16,0.801,0.504,0.797,0.113,0.193,0.232,0.175,0.287,0.1,0.085,0.318,0.288,0.208
2014,Assam,0.764,0.17,0.018,0.048,5806184,0.503,20,29,0.788,0.593,0.797,0.148,0.164,0.182,0.165,0.341,0.12,0.212,0.319,0.217,0.132
2014,Nagaland,0.573,0.383,0.001,0.044,411695,0.492,14,20,0.972,0.888,0.723,0.044,0.162,0.246,0.208,0.34,0.039,0.116,0.32,0.288,0.237
2014,Meghalaya,0.411,0.515,0.016,0.058,738124,0.51,17,19,0.551,0.501,0.609,0.1,0.165,0.175,0.205,0.356,0.094,0.132,0.404,0.247,0.124
2016,Dadra & Nagar Haveli,0.86,0.093,0.001,0.045,31402,0.468,24,32,1,1,1,0.086,0.155,0.154,0.154,0.452,0.078,0.251,0.355,0.196,0.119
2016,Daman & Diu,0.777,0.202,0,0.021,14983,0.464,24,33,1,1,1,0.105,0.104,0.106,0.145,0.54,0.084,0.164,0.281,0.262,0.208
2016,Goa,NA,NA,NA,NA,102327,0.479,17,27,1,1,1,NA,NA,NA,NA,NA,NA,NA,NA,NA,NA
2016,Gujarat,0.837,0.113,0.001,0.049,4873652,0.464,28,28,0.999,1,1,0.092,0.133,0.119,0.164,0.492,0.102,0.197,0.304,0.215,0.181
2016,Karnataka,0.696,0.28,0.002,0.022,4306046,0.484,27,23,0.994,0.998,1,0.135,0.132,0.177,0.152,0.404,0.097,0.111,0.326,0.253,0.214
2016,Pondicherry,0.477,0.514,0.003,0.007,87122,0.486,14,26,1,1,1,0.098,0.148,0.172,0.213,0.369,0.03,0.08,0.329,0.315,0.245
2016,Punjab,0.482,0.498,0.001,0.019,2175275,0.451,16,22,0.996,0.998,1,0.062,0.114,0.107,0.12,0.597,0.034,0.102,0.258,0.229,0.377
2016,Tamil Nadu,0.674,0.315,0.002,0.01,4732662,0.488,17,25,0.997,0.999,1,0.097,0.102,0.154,0.172,0.475,0.065,0.078,0.323,0.263,0.272
2016,Haryana,0.42,0.543,0.006,0.03,2036742,0.454,18,24,0.995,0.995,0.999,0.061,0.098,0.094,0.133,0.614,0.051,0.102,0.195,0.216,0.435
2016,Himachal Pradesh,0.635,0.356,0,0.008,498049,0.476,10,13,0.997,0.998,0.999,0.025,0.093,0.076,0.139,0.667,0.013,0.078,0.233,0.244,0.433
2016,Kerala,0.449,0.547,0.002,0.003,2052789,0.488,16,24,0.981,0.991,0.997,0.045,0.09,0.127,0.124,0.615,0.04,0.071,0.326,0.206,0.357
2016,Maharashtra,0.542,0.439,0.002,0.017,8524514,0.469,24,31,0.992,0.994,0.997,0.087,0.117,0.1,0.148,0.548,0.072,0.181,0.36,0.202,0.184
2016,Manipur,0.268,0.712,0.001,0.019,253912,0.495,13,19,0.987,0.988,0.997,0.05,0.219,0.164,0.135,0.432,0.039,0.082,0.342,0.212,0.325
2016,Odisha,0.864,0.091,0,0.045,3269702,0.483,20,25,0.938,0.971,0.995,0.094,0.128,0.131,0.129,0.517,0.082,0.162,0.267,0.231,0.258
2016,Chhattisgarh,0.754,0.19,0.001,0.055,2272234,0.49,21,23,0.987,0.994,0.992,0.101,0.175,0.091,0.123,0.511,0.071,0.241,0.312,0.186,0.19
2016,Uttar Pradesh,0.385,0.514,0.023,0.078,18530236,0.491,36,30,0.998,0.998,0.987,0.176,0.213,0.1,0.117,0.394,0.142,0.252,0.254,0.145,0.208
2016,Sikkim,0.729,0.239,0,0.032,53946,0.488,7,12,0.998,0.998,0.985,0.042,0.083,0.199,0.18,0.497,0.041,0.065,0.274,0.349,0.271
2016,West Bengal,0.849,0.087,0.023,0.041,6459444,0.5,23,29,0.977,0.983,0.984,0.094,0.149,0.145,0.142,0.47,0.079,0.187,0.337,0.166,0.23
2016,Madhya Pradesh,0.686,0.235,0.001,0.078,6702640,0.476,24,21,0.963,0.967,0.978,0.146,0.214,0.111,0.123,0.407,0.123,0.241,0.285,0.152,0.2
2016,Rajasthan,0.551,0.377,0.004,0.069,6652274,0.461,19,21,0.992,0.997,0.968,0.124,0.15,0.091,0.117,0.517,0.104,0.189,0.238,0.173,0.295
2016,Uttarakhand,0.582,0.385,0.01,0.024,900909,0.474,16,18,0.975,0.972,0.965,0.079,0.133,0.099,0.133,0.556,0.066,0.155,0.288,0.213,0.278
2016,Andhra Pradesh & Telengana,NA,NA,NA,NA,5477072,0.484,20,21,0.997,0.997,0.952,NA,NA,NA,NA,NA,NA,NA,NA,NA,NA
2016,Bihar,0.825,0.12,0.013,0.041,11763996,0.498,50,51,0.89,0.899,0.942,0.185,0.167,0.106,0.103,0.439,0.136,0.175,0.194,0.146,0.349
2016,Jharkhand,0.766,0.171,0.009,0.054,3304293,0.493,36,26,0.965,0.968,0.935,0.175,0.212,0.129,0.115,0.37,0.126,0.24,0.243,0.158,0.234
2016,Mizoram,0.643,0.309,0.016,0.032,111054,0.482,12,15,0.977,0.992,0.927,0.073,0.185,0.214,0.179,0.35,0.06,0.11,0.275,0.295,0.26
2016,Jammu & Kashmir,0.601,0.336,0.027,0.037,970577,0.477,12,13,0.92,0.949,0.922,0.064,0.154,0.205,0.217,0.36,0.055,0.116,0.33,0.25,0.248
2016,Tripura,0.882,0.097,0.003,0.018,290190,0.49,12,23,0.997,0.999,0.898,0.056,0.166,0.174,0.158,0.447,0.047,0.172,0.323,0.279,0.179
2016,Assam,0.721,0.216,0.018,0.045,2704398,0.502,18,25,0.834,0.843,0.858,0.145,0.154,0.183,0.159,0.359,0.124,0.194,0.297,0.235,0.149
2016,Nagaland,0.55,0.417,0,0.033,178236,0.49,12,18,0.987,0.999,0.82,0.08,0.156,0.261,0.158,0.346,0.074,0.099,0.359,0.267,0.201
2016,Arunachal Pradesh,0.684,0.286,0.001,0.029,163330,0.493,18,19,0.956,0.965,0.814,0.052,0.238,0.23,0.186,0.294,0.037,0.089,0.397,0.252,0.224
2016,Meghalaya,0.403,0.543,0.013,0.04,382320,0.507,18,19,0.877,0.856,0.626,0.083,0.199,0.207,0.192,0.32,0.081,0.134,0.465,0.224,0.096
